{
	"credit": "Made with Blockbench",
	"parent": "block/block",
	"textures": {
		"4": "block/variants/roots/root_1",
		"bottom": "block/dirt",
		"particle": "block/dirt",
		"top": "block/variants/grass_block/grass_1",
		"side": "block/variants/grass_dirt_side/dirt_side_1",
		"overlay": "block/variants/grass_block_side/grass_side_1"
	},
	"elements": [
		{
			"from": [0, 0, 0],
			"to": [16, 16, 16],
			"faces": {
				"north": {"uv": [0, 0, 16, 16], "texture": "#side", "cullface": "north"},
				"east": {"uv": [0, 0, 16, 16], "texture": "#side", "cullface": "east"},
				"south": {"uv": [0, 0, 16, 16], "texture": "#side", "cullface": "south"},
				"west": {"uv": [0, 0, 16, 16], "texture": "#side", "cullface": "west"},
				"up": {"uv": [0, 0, 16, 16], "texture": "#top", "cullface": "up", "tintindex": 0},
				"down": {"uv": [0, 0, 16, 16], "texture": "#bottom", "cullface": "down"}
			}
		},
		{
			"from": [0, 0, 0],
			"to": [16, 16, 16],
			"faces": {
				"north": {"uv": [0, 0, 16, 16], "texture": "#overlay", "cullface": "north", "tintindex": 0},
				"east": {"uv": [0, 0, 16, 16], "texture": "#overlay", "cullface": "east", "tintindex": 0},
				"south": {"uv": [0, 0, 16, 16], "texture": "#overlay", "cullface": "south", "tintindex": 0},
				"west": {"uv": [0, 0, 16, 16], "texture": "#overlay", "cullface": "west", "tintindex": 0}
			}
		},
		{
			"name": "root1",
			"from": [8, -16, 0],
			"to": [8, 0, 16],
			"shade": false,
			"rotation": {"angle": -22.5, "axis": "y", "origin": [8, -8, 8]},
			"faces": {
				"east": {"uv": [0, 0, 16, 16], "texture": "#4", "cullface": "down"},
				"west": {"uv": [0, 0, 16, 16], "texture": "#4", "cullface": "down"}
			}
		},
		{
			"name": "root2",
			"from": [0, -15, 8],
			"to": [16, 1, 8],
			"shade": false,
			"faces": {
				"north": {"uv": [0, 0, 16, 16], "texture": "#4", "cullface": "down"},
				"south": {"uv": [0, 0, 16, 16], "texture": "#4", "cullface": "down"}
			}
		}
	]
}