{
	"credit": "Made with Blockbench",
	"parent": "block/cube_all",
	"textures": {
		"overlay": "block/variants/mossy_cobblestone/mossy_cobblestone_extra_2",
		"all": "block/variants/mossy_cobblestone/mossy_cobblestone_2",
		"particle": "block/variants/mossy_cobblestone/mossy_cobblestone_2"
	},
	"elements": [
		{
			"name": "overlay_border",
			"from": [-0.01, 13.5, -0.01],
			"to": [16.01, 16, 16.01],
			"faces": {
				"north": {"uv": [0, 0, 16, 2.5], "texture": "#overlay", "cullface": "up"},
				"east": {"uv": [0, 0, 16, 2.5], "texture": "#overlay", "cullface": "up"},
				"south": {"uv": [0, 0, 16, 2.5], "texture": "#overlay", "cullface": "up"},
				"west": {"uv": [0, 0, 16, 2.5], "texture": "#overlay", "cullface": "up"}
			}
		},
		{
			"from": [0, 0, 0],
			"to": [16, 16, 16],
			"faces": {
				"north": {"uv": [0, 0, 16, 16], "texture": "#all", "cullface": "north"},
				"east": {"uv": [0, 0, 16, 16], "texture": "#all", "cullface": "east"},
				"south": {"uv": [0, 0, 16, 16], "texture": "#all", "cullface": "south"},
				"west": {"uv": [0, 0, 16, 16], "texture": "#all", "cullface": "west"},
				"up": {"uv": [0, 0, 16, 16], "texture": "#all", "cullface": "up"},
				"down": {"uv": [0, 0, 16, 16], "texture": "#all", "cullface": "down"}
			}
		}
	]
}