{
	"credit": "Made with Blockbench",
	"parent": "jungle_leaves",
	"textures": {
		"1": "block/variants/leaves_extra/leaves_extra_jungle"
	},
	"elements": [
		{
			"name": "extra 1",
			"from": [-8, -8, 16],
			"to": [24, 24, 16],
			"shade": false,
			"rotation": {"angle": 22.5, "axis": "x", "origin": [8, 8, 8]},
			"faces": {
				"north": {"uv": [0, 0, 16, 16], "texture": "#1", "tintindex": 0},
				"south": {"uv": [0, 0, 16, 16], "texture": "#1", "tintindex": 0}
			}
		},
		{
			"name": "extra 3",
			"from": [1, -8, -6],
			"to": [1, 24, 26],
			"shade": false,
			"rotation": {"angle": 22.5, "axis": "x", "origin": [8, 8, 8]},
			"faces": {
				"east": {"uv": [0, 0, 16, 16], "texture": "#1", "tintindex": 0},
				"west": {"uv": [0, 0, 16, 16], "texture": "#1", "tintindex": 0}
			}
		},
		{
			"name": "extra 4",
			"from": [-9, 17, -8],
			"to": [23, 17, 24],
			"shade": false,
			"rotation": {"angle": -22.5, "axis": "y", "origin": [8, 18, 8]},
			"faces": {
				"up": {"uv": [0, 0, 16, 16], "rotation": 90, "texture": "#1", "tintindex": 0},
				"down": {"uv": [0, 0, 16, 16], "rotation": 90, "texture": "#1", "tintindex": 0}
			}
		},
		{
			"name": "extra 5",
			"from": [-4, 4, -11],
			"to": [28, 4, 21],
			"shade": false,
			"rotation": {"angle": -45, "axis": "x", "origin": [8, 18, 8]},
			"faces": {
				"up": {"uv": [0, 0, 16, 16], "texture": "#1", "tintindex": 0},
				"down": {"uv": [0, 0, 16, 16], "rotation": 180, "texture": "#1", "tintindex": 0}
			}
		},
		{
			"name": "extra 4",
			"from": [17, -8, -9],
			"to": [17, 24, 23],
			"shade": false,
			"rotation": {"angle": -22.5, "axis": "x", "origin": [8, 8, 8]},
			"faces": {
				"east": {"uv": [0, 0, 16, 16], "texture": "#1", "tintindex": 0},
				"west": {"uv": [0, 0, 16, 16], "texture": "#1", "tintindex": 0}
			}
		},
		{
			"name": "extra 4",
			"from": [-8, -8, -1],
			"to": [24, 24, -1],
			"shade": false,
			"rotation": {"angle": -22.5, "axis": "x", "origin": [8, 8, 8]},
			"faces": {
				"north": {"uv": [0, 0, 16, 16], "rotation": 90, "texture": "#1", "tintindex": 0},
				"south": {"uv": [0, 0, 16, 16], "rotation": 270, "texture": "#1", "tintindex": 0}
			}
		}
	],
	"display": {
		"thirdperson_righthand": {
			"scale": [0.2, 0.2, 0.2]
		},
		"thirdperson_lefthand": {
			"scale": [0.2, 0.2, 0.2]
		},
		"firstperson_righthand": {
			"scale": [0.5, 0.5, 0.5]
		},
		"firstperson_lefthand": {
			"scale": [0.5, 0.5, 0.5]
		},
		"ground": {
			"scale": [0.2, 0.2, 0.2]
		},
		"gui": {
			"rotation": [18.5, 45, 0],
			"scale": [0.5, 0.5, 0.5]
		},
		"fixed": {
			"scale": [0.5, 0.5, 0.5]
		}
	}
}